keyword,category
vua đầu bếp soma,Animation
công chúa,Animation
độc xà,Action
duy khánh,Comedy
búp bê barbie,Animation
street,Reality Show
muốn gặp anh,Romance
trạng cãi phần 10,Drama
biệt đội bất hảo,Action
attack on titan season 2  shingeki no kyojin,Animation
trọn đời trọn kiếp,Romance
cho cuu,Drama
đoá hoa tham vọng,Drama
thanh gom di,Animation
lời hồi đáp 1988,K Drama
món quà cầu vồng,Animation
tai sa,Other
deka,Action
chế linh,Music
coraline,Animation
the hippopotamus,Comedy
quảng bình quê ta ơi,Music
tay  du,Action
đường hầm,Action
mộng hoa luc,C Drama
nhật ký ma cà rồng phần 1,Drama
mot doi mot kiep,Romance
trà táo đỏ,Other
1988,K Drama
bà ngoại,Comedy
hoạt sắc sinh hương,C Drama
monster,Animation
độc nữ quân vị kiến,C Drama
chuyện chàng vệ sĩ và nàng siêu sao,Romance
hoa mộc lan,Animation
bat,Action
street woman,Reality Show
xin chào jadoo,Animation
she was pretty,K Drama
chi la quan he hon nhan,C Drama
mộng lục hoa,C Drama
năm anh em trên một chiếc xe tăng,Music
sợi dây hoàng lan,Drama
hắc bạch vô song phần 1,C Drama
yahari ore no seishun love comedy wa machigatteiru kan,Animation
mimi,K Drama
tân ỷ thiên đồ long ký,C Drama
lk bolero,Music
sk8,Animation
nuvi truyện,Animation
kekkai sensen,Animation
maisha,Other
tín hiệu,K Drama
inuyasa,Animation
khởi đầu,K Drama
i land,Reality Show
cuộc chiến thượng lưu1,K Drama
hoa,Drama
ngày mai cũng muốn gặp anh,Romance
tội lỗi màu hồng,Drama
train to busan,Horror
gấu paddington,Comedy
resident evil,Horror
doctor john,K Drama
spiderman homecoming,Action
song hoa điếm,K Drama
street woman fighter,Reality Show
fairy tail final,Animation
pháp sư vô tâm,C Drama
thinh,Other
lớp học ám sát,Animation
doctor,Drama
zozo,Drama
pripara,Animation
ourblues,K Drama
vương quốc pha lê,Animation
định mệnh,Romance
đừng nhờn với chị,Drama
dororo,Animation
super lovers,Animation
em và trịnh,Drama
điều tra pháp y 4,Drama
van cu,C Drama
hồ sơ trinh sát iii,Drama
cá mập con,Animation
phimset,Other
the 100,Drama
tiếng chày trên sóc bom bo,Music
đấu trường yoyo,Animation
nguy,Other
kênh nhân việt,TV Channel
busted,Reality Show
lâu đài tham vọng,Drama
ufc,Sports
cậu bé rừng xanh,Animation
học chiến đô thị asterisk,Animation
công chúa béo đáng yêu,Romance
ơn giời cậu đây rồi,Reality Show
wolfoo,Animation
tiểu sử chàng nokdu,K Drama
attack,Action
cuuhosieunhan,Action
b cut,Other
đàm vĩnh hưng,Music
oresuki,Animation
song diện thần thám,C Drama
nhậm gia luân,C Drama
the heirs,K Drama
phát video hướng dẫn làm bánh bao trên tv của tôi,Reality Show
huyết mạch kiêu hùng,C Drama
cung tâm kế,C Drama
tiểu thư quạ đen,C Drama
dong cung,C Drama
dự báo tình yêu và thời tiết,K Drama
one piêc,Animation
nevertheless,K Drama
ai là nữ hoàng,Reality Show
hospital,Drama
tôi và chúng ta ở bên nhau,Romance
cô nàng của tôi,K Drama
tan ta,Other
thịnh đường huyễn dạ,C Drama
thợ săn thành phố,K Drama
moon lover,K Drama
golbin,K Drama
avata,Animation
hanako,Animation
làm trái tim em mỉm cười,Romance
avengers cuộc chiến vô cực,Action
mairimashita irumakun,Animation
a ghost story,Horror
hoàng hậu công lược,C Drama
chu,Other
ngày em đẹp nhất,Romance
tình anh em,Drama
đàm tùng vận,C Drama
gia đình chân to phiêu lưu ký,Animation
bắt ma,Horror
dương mịch,C Drama
nhân duyên trái ngược,Romance
cam tu n,C Drama
toàn chức pháp sư,Animation
như ý truyện,C Drama
dragonball evolution,Action
đội đặc nhiệm số 38,K Drama
đặc nhiệm thám tử phần 3,Action
may ho,Other
lời hồi đáp,K Drama
anan,Other
edm,Music
người yêu tôi là rôbốt,Romance
ba bà đi bán lợn con,Other
8090,Other
huo fo ji gong,C Drama
máy trộn bê tông,Other
seep,Other
tam thien,C Drama
john wick 2,Action
đại chiến kén rể,Comedy
pháp sư vô tâm 3,C Drama
cuồng si,Romance
hen,Other
queen dom,Reality Show
tình cờ ta gặp lại nhau,Romance
the young vagabond,Drama
bang chung thep,C Drama
hoang hau ki,K Drama
tiểu thư quạ đen và tiên sinh thằn lằn,C Drama
khi nàng say giấc,K Drama
em chưa 18,Comedy
street dance,Reality Show
snowdrop,K Drama
yêu từ 0 đến 1,Romance
lưu diệc phi,C Drama
gfriend,Music
aot,Animation
chuyện đời bác sĩ,K Drama
liên khúc tuấn vũ,Music
nỗi ô nhục họ cho,K Drama
xin gọi tôi là tổng giám,C Drama
ngôi nhà hạnh phúc,K Drama
nữ vệ sĩ,Action
nhac,Music
ke truyen thua,K Drama
bẫy ngọt ngào,Romance
anh không thích thế giới này anh chỉ thích em,C Drama
game of thrones s1,Drama
đối tác đáng ngờ,K Drama
nếu ốc sên có tình yêu,C Drama
bí mật,Drama
mưa chiều miền trung,Music
chàng trai năm ấy tôi từng nhớ,Romance
baddy,Other
keep running man,Reality Show
niềm hãnh diện nhà đường,C Drama
ve dep ma mi,Horror
ngôi nhà náo nhiệt,Comedy
tha thi thien ha,C Drama
bạo phong nhãn,C Drama
mộ nam chi,C Drama
xem ca nhạc,Music
nơi đảo xanh,Drama
đại đường nữ pháp y,C Drama
xứ cát,Drama
hoạt hình,Animation
nam g,Other
không một ai biết,Drama
nu thanh tra tai ba,Drama
boyka,Action
nửa là đường mật,C Drama
ký ức sát nhân,K Drama
thúy nga,Reality Show
đấu phá thương khung,C Drama
hoc vien q,Animation
zoom,News
pokémon thám tử pikachu,Animation
vùng đất quỷ dữ,Horror
nhất sinh nhất thế,C Drama
người yêu siêu cấp phần 1,Romance
tái sinh,Drama
cỗ máy thời gian,Action
gau,Animation
gác kiếm,C Drama
phim võ thuật,Action
top1 paine,Other
be m,Animation
đại gia chân đất,Comedy
pham n,Reality Show
le ha,Reality Show
khoảnh khắc tình yêu,Romance
fairytail,Animation
tiktok,Reality Show
oddbods season 1,Animation
lấy,Romance
trọng lực cầu vồng,Drama
tôi muốn mở con vịt,Comedy
nhat da,Drama
người yêu siêu cấp phần 2,Romance
cái giá của tham vọng,Drama
senko,Animation
tate,News
ban trai toi,Romance
fairy tail 2,Animation
xem ra em rất ngọt ngào,Romance
phim hài hước,Comedy
biển nỗi nhớ và em,Romance
chuyện tình thanh xuân bi hài phần 3,Romance
hiệp sĩ lưu ban,Action
lưu quang chi thành,C Drama
nu tha,Drama
shooting,Sports
thợ săn cương thi,Horror
cậu bé karate,Action
đại đường vinh diệu,C Drama
kungfu 12 con giáp,Action
spy x,Animation
hát mãi ước mơ,Reality Show
cuộc sống vô hình,Drama
cặp đôi cảnh sát,Action
thu hiền,Reality Show
mistress,Drama
sở hữu,Horror
soni,Animation
school,K Drama
sixth sense,Reality Show
ai la nu hoang,Reality Show
bác sĩ đào tẩu,Drama
gái già lắm chiêu,Comedy
được gặp em tại ngục tối liệu có sai phần 2,Animation
phía đông vườn địa đàng,Drama
venom đối mặt tử thù,Action
những chàng trai ngoan,Comedy
nhân cách trong em,Drama
sinh vật huyền bí và nơi tìm ra chúng,Drama
điệp vụ báo hồng,Comedy
cuộc chiến những ngôi sao,Action
our beloved summer,K Drama
khu rừng nhỏ,Drama
pony,Animation
the little mermaid,Animation
grand blue,Animation
tập tành làm mẹ,Drama
cộng sự,Drama
nam phương hữu kiều mộc,C Drama
cong chua aurora,Animation
nguyên long phần 1,Animation
chú voi con ở bản đôn,Music
công viên kỷ jura 3,Action
alive,Horror
nhật kí tự do,Drama
lần theo dấu vết,Drama
taken 2,Action
học viện ma vương,Animation
from now on showtime,K Drama
vung dat linh hon,Animation
sát thủ elektra,Action
huong ma,C Drama
nhiệt huyết thần tượng,C Drama
bắt ma phá án tập 1,Horror
thần bài,Action
gửi thời thanh xuân tươi đẹp,C Drama
thái lan,News
phim phiêu lưu,Action
phap y,Drama
penthouses,K Drama
điệu cha cha cha làng biển,K Drama
linh mục nhiệt huyết,K Drama
tình yêu hoán kiếp,Romance
cuộc chiến giày gót nhọn,Drama
kime,Other
marvel,Action
nghệ thuật săn quỷ,K Drama
soundtrack,Music
jujutsu,Animation
romantic doctor teacher kim,K Drama
mae krua kon mai,Drama
vanitas no karte,Animation
godzilla,Action
euphoria s2,Drama
ban tr,News
sáng như trăng trong mây,C Drama
nguyên long,Animation
tân cổ giao duyên,Music
nữ hoàng cá muối,Drama
cẩm ly,Music
bigfoot family,Animation
cô nàng trong trắng oi who ri tập 9 14,K Drama
bà ơi bà,Music
mở chú đại bi,Music
mouse kẻ săn người,K Drama
cải lương,Music
kênh htvc ca nhạc,TV Channel
review phim,Other
thể dục,Sports
xem phim cuộc chiến thượng lưu,K Drama
boduto,Other
fat girl,Drama
mỹ nhân ngư,Comedy
exo,Music
tình yêu,Romance
sau khi làm chuyện ấy,Drama
sát thủ thợ máy,Action
nữ vệ sĩ của tôi,Action
business news,News
bác sĩ khoa cấp cứu,Drama
quy ong,Drama
choc tuc vo yeu,C Drama
võ tắc thiên,C Drama
hotel transylvania,Animation
chị chị em em,Drama
spyx,Animation
đan nguyên,Music
anh hùng khiên,Animation
2gether,Drama
thiếu lâm tự,Action
năm tháng vội vã,C Drama
công chúa orora,K Drama
hồ sơ trinh sát ii,Drama
truy cầu,Drama
ôi hoàng đế bệ hạ của ta,C Drama
tam sinh tam thế thập lí đào hoa,C Drama
hàn quốc,News
chỉ vì được gặp em,C Drama
cảnh đẹp ngày vui biết bao giờ  love in flames of war,C Drama
mở con bò,Other
châu sinh,C Drama
khi em mỉm cười rất đẹp,C Drama
barbie,Animation
cúc tịnh y,C Drama
cô dâu bất đắc dĩ,Drama
cảnh sát vinh dự,K Drama
huyet,K Drama
why hẻ,K Drama
kill me heal me,K Drama
vô ảnh,C Drama
em là thành trì doanh lũy của anh,C Drama
cuộc chiến thượng lưu thuyết minh,K Drama
khanh khanh ngã tâm,C Drama
xã hội thượng lưu,K Drama
keeprunning,Reality Show
truy lùng siêu trộm,Action
kỳ án nhà thanh,C Drama
thiên kim trở về,C Drama
phim thanh xuân,Drama
rất muốn ở bên anh,C Drama
woori the virgin,K Drama
mở bolero,Music
vì sao đưa anh tới,K Drama
argentina,Sports
violet evergarden,Animation
anh thầy ngôi sao,Comedy
lính bắn tỉa nhiệm vụ tối mật,Action
monstrous,K Drama
ngoi nha nao nhiet,K Drama
ve nha di con,Drama
dau la dai luc,C Drama
cá mực hầm mật 2,C Drama
biệt đội chó bull,Drama
kẻ nội gián,Action
đêm tối tokyo,Drama
cuộc chiến thượng lưu 2 penthouse 2,K Drama
tam sinh,C Drama
thầy ơi em yêu anh,Romance
tan học đừng vội về,Romance
the game of thrones reunion hosted by conan obrien,Reality Show
chạy đến bên em,Romance
black,K Drama
tam quốc diễn nghĩa,C Drama
forest,K Drama
nhóc trùm,Animation
onepiece,Animation
ngọc lâu xuân,C Drama
lối nhỏ vào đời,Drama
bộ bộ kinh tâm,C Drama
thần tượng,Reality Show
blue,Other
khách sạn transylvania,Animation
muôn kiểu ghen tuông,K Drama
kenshin,Animation
hai tuần,K Drama
shin,Animation
anabel,Horror
sen và chihiro ở thế giới thần bí,Animation
cô nàng,Other
tân tây du ký,Reality Show
the god of high school,Animation
học viện siêu anh hùng,Animation
năm anh em siêu nhân,Action
huyền môn đại sư,C Drama
thánh lười tanaka,Animation
tuổi 18,K Drama
morbius featurette living vampire from comics to screen,Other
khát vọng thượng lưu,Drama
bong da viet  nam,Other
chuyện tình cây táo gai,Romance
yêu em người chữa lành vết thương cho anh,Romance
troom troom,Reality Show
muôn vàn cách yêu,Romance
vtv5 hd,TV Channel
bắt,Other
thien n,Other
khát khao hạnh phúc,Drama
tita,Other
trời nắng trời mưa,Music
miền tây,Other
anh duong long toi,Romance
sao băng shooting stars,K Drama
phi hổ cực chiến,C Drama
say nắng,Romance
lời hứa với các vị thần,K Drama
minh khoa,Other
người tình của khang hy,C Drama
phim truyen,Drama
nhạc remix,Music
truy tìm kẻ sát nhân 2,Action
đêm đếm sao,Music
bố là tất cả,Drama
mở cải lương,Music
doramon,Animation
mở video nhạc yêu một mình,Music
phin,Drama
thien k,Other
vtc9,TV Channel
noi vu,Other
mùa xuân đó có anh,Romance
sống miền tây,Reality Show
jotaro,Animation
về quê anh thơ,Music
show me the music,Music
dai to,Other
mở cài đặt,Other
đức phật,Drama
xì trum siêu quậy,Animation
marvel anime wolverine,Animation
trả thù,Action
vạch tội,Action
ngự sử tài ba và quý cô thông thái,K Drama
mặt nạ,Drama
bạn gái 99 điểm,C Drama
đường chuyên,Other
điều làm nên hạnh phúc,Drama
bạch lộc,C Drama
runing man,Reality Show
hán sở tranh hùng,C Drama
vượt ngục,Action
phim cải lương,Music
siêu nhân thần kiếm và biệt đội siêu nhân cơ động,Action
buruto,Animation
cô tiên dọn dẹp,K Drama
cửa hàng tiện lợi,Drama
yumi,K Drama
mine,K Drama
bolero đường phố,Music
tình yêu vượt đại dương,Romance
nhactre,Music
guitar concert,Music
đấu ngư,Drama
jack,Music
free,Other
trích đoạn cải lương,Music
vùng đất,Drama
tân bảng phong thần,C Drama
công tố viên quân sự,K Drama
lac mat nguon coi,Drama
live,K Drama
anh em nhà dalton,Animation
thiên tài bất hảo,Drama
karaoke remix,Music
mưu cầu hạnh phúc,Drama
đêm tiền đồn,Action
cô dâu bị bán,Drama
chú cừu shaun,Animation
runing,Reality Show
sơ thần là em cố ý quên anh,C Drama
tinh yeu he nhi phan,C Drama
meo hãy cầu nguyện,Animation
phim yêu nhầm chị dâu,Drama
cua lại vợ bầu,Drama
tiểu thời đại,C Drama
vua hải tặc,Animation
trò chơi sinh tử,Drama
chiếc lá cuốn bay,Drama
hau,Drama
bloody heart,K Drama
hóa ra em rất yêu anh,C Drama
the boys,Action
xnxx,Other
thai lan,News
my spy,Action
đẳng cấp thực khách,K Drama
bác sĩ trinh thám,Drama
mat xich han thu,Drama
hoc chau phu nhan,C Drama
thần chết,Drama
những kẻ gác đêm,Drama
fairy tail phần 2,Animation
khi người đàn ông yêu,K Drama
long châu truyền kì,C Drama
truyện,Drama
hote,Romance
chiến hạm,Action
naruto shippuden,Animation
ca nhạc trữ tình,Music
lòng trung thành,Drama
magi,Animation
vua sư tử,Animation
hoangchaucachcach,C Drama
zombie,Horror
danh y vượt thời gian,K Drama
john,Action
tam sinh tam the,C Drama
ẩn thân,Drama
xem phim việt nam,Drama
nguoi tinh anh trang,K Drama
lưu ly,C Drama
hồi kí vanitas phần 2,Animation
school 2021,K Drama
triệu lệ dĩnh,C Drama
alien,Horror
outbull,Action
những chàng trai,Drama
saki,Animation
một ngày của bé,Animation
thien nga bong dem,Drama
ngược chiều ánh sáng nói lời yêu em,C Drama
alibaba,Animation
little,Drama
thâm cung truyện,C Drama
hoàng anh gia lai,Sports
bóng chuyền,Sports
kênh truyền hình vtc14,TV Channel
nhong nhong nhong,Animation
một ngày biến thành em,Drama
read,Drama
masha,Animation
bắc ninh,News
grea,Drama
ca cổ giao duyên,Music
my golden life,K Drama
pháp,News
hứa khải,C Drama
hãy gọi tôi là tổng giám,C Drama
muôn nẻo tình yêu,Drama
bac si,Drama
hẹn hò trốn công sở,K Drama
lừa tình,Drama
doi so,Drama
keep,Drama
nút thắt ái tình,Romance
kim nha đại trạng sư ii,C Drama
repply,K Drama
sherlock holmes,Drama
người vận chuyển,Action
vì em đã đến,Romance
chang p,Drama
cửa hàng bí mật,Drama
nhảy đường phố,Reality Show
san khaucai luong,Music
ngoi nha,Drama
người thừa kế,K Drama
tìm nhau,Romance
doctor strange,Action
peaky blienders,Drama
cocomelon,Animation
hoangnamhaythachthuctoi,Reality Show
kpm,TV Channel
vẻ đẹp đích,K Drama
nam de,C Drama
ddoramon,Animation
công chúa rora,K Drama
bad luck,Drama
đêm tối tokyo phần 4,Drama
toàn chức cao thủ,C Drama
dai chien,Action
nữ công tố viên,Drama
law school,K Drama
như ý vương phi,C Drama
đừng gọi anh là cậu chủ,C Drama
cuoc chien,Action
tom and jerry,Animation
bác sĩ thiên tài phần 1,K Drama
doreamon,Animation
chuc khanh hao,C Drama
khi ác quỷ gọi tên,K Drama
reply1988,K Drama
tìm em trong kí ức,K Drama
ở rể,Drama
hkt,Music
truy tìm kí ức,Drama
hoàng hậu,C Drama
oan hồn ma nữ,Horror
one pice,Animation
cú đấm thép,Action
trần hiểu,C Drama
crazy love,K Drama
tình người kiếp rắn,Drama
phi vụ triệu đô,Action
pororo,Animation
today,News
xổ số miền nam,News
ma cà rồng hàng xóm gia đình black 2,Horror
đã đến lúc,Drama
phim truyền hình,Drama
tình đầu ngây ngô,Romance
hắc quản gia,Animation
mẹ vắng nhà  ba là siêu nhân,Other
quy tắc của quý cô,Drama
boss and me,C Drama
cô nàng trong trắng oh woo ri  woori the virgin,Other
vct7,TV Channel
larva,Animation
truyền hình công an nhân dân,TV Channel
bao ngam,C Drama
kaito kid,Animation
inazuma,Animation
yuri on ice,Animation
isekai,Animation
the,Other
tình cờ gặp anh,Romance
chúng tôi đơn giản là gấu,Animation
komi không thể giao tiếp,Animation
hoắc nguyên giáp,Action
song d,Other
thương ngày,Drama
ghost doctor,K Drama
chú chuột siêu quậy,Animation
yêu nhầm chị dâu yêu nhầm chị dâu,Romance
nguỵ tạo,Drama
cam y,C Drama
all of us are dead,K Drama
saree yêu dấu,Romance
baby boss,Animation
đặc ân của thần phần 2,K Drama
thuong ngay nang ve,Drama
kamen rider,Action
supergirl,Action
lam hỏa diệt quỷ,Action
zombieland double tap,Comedy
nửa thời gian ấm áp,Romance
phố ma dương thân yêu,C Drama
chuyện tình paris,K Drama
u23 châu á,Sports
gái ngành thông thái phần 2,K Drama
game,Other
truong an nhu co,C Drama
fighting youth,C Drama
thông linh phi,Animation
thế giới song song,Drama
gạo nếp gạo tẻ,Drama
con tim,Drama
thả thí,C Drama
chí khí bay cao,Drama
dragon ball,Animation
chân hoàn truyện,C Drama
chiến tranh giữa các vì sao thần lực thức tỉnh,Action
tình yêu xuyên thời gian,Romance
khung long,Animation
thám tử phố tàu,Comedy
pachinko,K Drama
phật giáo,Other
cha cha cha,Music
the gioi hop nhat,Drama
thanh gương diệt quỷ,Animation
thân ái chí ái,C Drama
tần minh,C Drama
cocomelon vietnamese songs,Animation
thợ săn,Action
thực thần,C Drama
hậu duệ mặt trời việt nam,Drama
horimya,Animation
go go squid,C Drama
gate,Animation
truyen gia,Drama
vtv5,TV Channel
may h,Drama
mở dân ca,Music
phim trường học,Drama
con,Drama
aerobic,Sports
chàng trai năm ấy,Drama
thần thám địch nhân kiệt,C Drama
hoa du,K Drama
hào quang,Drama
đương gia chủ mẫu,C Drama
ero manga sensei,Animation
beyond evil,K Drama
chuyến bay sinh tử,Action
mối tình oan gia,Romance
meow,K Drama
buổi tập thứ hai của đt u23 việt nam tại uzbekistan  bản tin bóng đá việt 0106,Other
khu vực 9,Action
hoán đổi linh hồn,Drama
the hunger games bắt lửa,Action
có lẽ là yêu,Romance
s9 doraemon  tập 429  xuất hiện trong truyện của jaiko  hộp thay đổi thời tiếtlồng tiếng việt,Other
tru tiên,C Drama
tân tây du ký 2011,C Drama
chiến tranh giữa các vì sao tập i  hiểm họa bóng ma,Other
kênh truyền hình đồng tháp,TV Channel
nikita season 1,Action
ngược dòng thời gian,Drama
con tàu y đức,Drama
the sopranos s1,Drama
kinnporsche,Romance
onepice,Animation
phim truyện trung quốc,C Drama
bước qua ranh giới 2,Drama
drurara,Animation
chỉ vì phút giây được gặp em,Romance
zero,Animation
kí sinh trùng,Drama
năm ấy hoa nở trăng vừa tròn,C Drama
noragami,Animation
nobless,Animation
hongkongsex,Romance
vuong quoc,K Drama
ben a,Drama
shikimori,Animation
hoa gian,Drama
nguy cơ tiên sinh,Drama
định mệnh ánh trăng,Romance
bí kíp luyện rồng,Animation
hikaru,Animation
cháu yêu chú bộ đội,Music
derth,Horror
hoa sứ nhà nàng,Music
karaoke cúc ơi em,Music
cô nàng trong trắng oh woo ri tập 7 14,K Drama
mối tình bí mật,Romance
thế giới livestream điên cuồng,Reality Show
60n  ngay pha an,Other
diễm thùy,Drama
hinamatsuri,Animation
spider man,Action
nhã phương,Drama
tinhca,Music
souma,Animation
bảng chữ cái,Animation
visenzo,K Drama
xem kênh vĩnh long 1 trên bắp,TV Channel
phim kiếm hiệp,C Drama
mật mã hoa hồng vàng,Drama
stray kids,Music
chien,Action
nhay aerobic,Sports
kim,Drama
kairis,Drama
pops,Music
tom,Animation
thanh vân chí,C Drama
linh hồn bạc,Animation
gửi thời,Romance
knights and magic,Animation
cô dâu ma,Horror
bí kíp luyện rồng 2,Animation
xì trum,Animation
bác sĩ nhi khoa,Drama
bac si luat su,K Drama
giác quan thứ sáu mùa 3  sixth sense season 3,Other
bạn cùng phòng của tôi là gumiho,K Drama
dune,Action
bước đến ôm em,Romance
hồ nhất thiên,C Drama
hẹn hò,Romance
charlotte,Animation
hotel,Drama
vtvgo,TV Channel
phim thiên nga bóng đêm,Drama
trò chơi vương quyền,Drama
cặp đôi cay như ớt,Romance
kiss,Romance
trung quốc,News
high class,K Drama
bí mật cơn lốc ninjago,Animation
lọ lem,Animation
bích huyết thư hương mộng,C Drama
ninja r,Animation
nghĩa hải hào tình,Drama
ngô thụy miên,C Drama
bóng đá hôm nay,Sports
love is war,Romance
cô dâu,Romance
xin đừng gác máy,Drama
hương,Drama
chung tử đơn,Action
my name,K Drama
gia đình là số 1,K Drama
thanh gươm diệt quỷ phần 1,Animation
hotel del,K Drama
thần điêu đại hiệp,C Drama
quế ngọc hải động viên văn lâm vượt qua chấn thương,News
chúng ta đáng yêu như thế,C Drama
chờ ngày cưới em,Romance
được gặp em tại ngục tối liệu có sai phần 1,Animation
ca nhac hai ngoai,Music
quỷ đỏ,Sports
điều kỳ diệu ở phòng giam số 7,K Drama
xin đừng gặp anh ấy,K Drama
doc xa,Action
mắt biếc,Drama
người sói,Horror
gửi thời thanh xuân tươi đẹp của chúng ta,C Drama
những cô gái siêu anh hùng trung học siêu ác nhân,Animation
cuoi cung cung den luot toi yeu,C Drama
dữ quân ca,C Drama
thiên nga,Drama
ma cà rồng,Horror
americas got talent,Reality Show
tình yêu từ không thành có,Romance
người sắt,Action
lực lượng phản ứng 2021,C Drama
our,K Drama
chạng vạng,Romance
hình hài dấu yêu,Drama
hai con thằn lằn con,Animation
nhân duyên tiền định,Romance
tập làm người lớn,Drama
cũng chỉ là hạt bụi,Drama
hội chứng tuổi teen và cô gái có đôi tai thỏ,Animation
khương tử nha,Animation
chuyện tình thanh xuân bi hài,Romance
minh l,Drama
dien thi co sao,Drama
lối rẽ con tim,Romance
gia đình bá đạo,Comedy
kody cậu bé võ thuật,Action
tội phạm vị thành niên,Drama
chờ mùa xuân xanh,K Drama
jonh wick,Action
thực thần 2,Comedy
nhị thập tứ,Drama
song kính,C Drama
winx,Animation
sắc đẹp ẩn dấu,Drama
châu,Drama
chiến binh bất tử,Action
bungou stray dogs season 1,Animation
hạnh phúc vẫn sẽ đến gõ cửa,C Drama
truc tiep,News
lật mặt,Action
gặp gỡ,Romance
thanh xuân năm ấy chúng ta từng gặp gỡ,Romance
tình yêu điên cuồng,Romance
hẹn hò chốn,Romance
người dự báo thời tiết,K Drama
lam d,Drama
tại sao boss,Romance
vuon,K Drama
đá bóng,Sports
diệt slime suốt 300 năm tôi level max lúc nào chẳng hay,Animation
bắt ma phá án  from now on showtime,K Drama
sếp ơi xin đừng thả thính,Romance
mặt nạ hoàng kim,Drama
queen,Drama
blue nơi đảo xanh,Drama
bộ phim ma quái,Horror
trung quốc  hàn quốc  xem lại trận đấu,Sports
cướp biển,Action
em là niềm kiêu hãnh,C Drama
gia đình kì quặc,Comedy
yêu em tình này vì em,Music
mbi,Other
bắt ma phá án thuyết minh,Action
aikatsu,Animation
zig,Other
dora,Animation
nhat d,Drama
hạnh phúc bất ngờ,Drama
phi nhung,Music
người hùng điên rồ,Action
mùa hè của hương bạc hà,Romance
tham tu,Drama
goiblin,K Drama
batman,Action
hoàng tử gác mái,K Drama
2521,K Drama
lối ra,Drama
sứ mệnh cuối cùng,Action
cô phù thủy nhỏ kiki,Animation
cô hầu gái,Drama
avenger,Action
happiness chocolate,Romance
yên ngữ phú,C Drama
mashas tales,Animation
reset,C Drama
những vị khách không mời,Drama
tin tức kinh doanh,News
hakyu,Animation
dang c,Other
koutetsujou no kabaneri,Animation
giáng sinh kỳ quặc,Comedy
dem to,Drama
docle,Drama
tomorrow with you,K Drama
sofar,Music
hbo,TV Channel
mong hoa,C Drama
tân bao thanh thiên nam hiệp kỳ án,C Drama
tội lỗi,Drama
thất hình đại tội,Animation
chú,Drama
fan,Other
địch lệ nhiệt ba,C Drama
thân ái chi ái,C Drama
xem lại trận đấu,Sports
nurarihyon,Animation
link eat love kill,K Drama
gã không mặt,Horror
thanh guom diet quy,Animation
demon sl,Animation
chiêu trò nguyên thủy,Comedy
nụ hôn,Romance
godzilla đối đầu kong,Action
búp bê,Horror
mytv,TV Channel
tam sinh tam thế chẩm thượng thư,C Drama
anh hùng thành trại,C Drama
thiên vũ kỷ,C Drama
than,Drama
trần thiên thiên,C Drama
người đẹp gangnam,K Drama
chil,Other
thực tập sinh,Reality Show
nơi vì sao rơi,K Drama
tik tok,Reality Show
jura,Action
cuoc chien thuong luu,K Drama
giọng hát việt nhí,Reality Show
em là thành trì,C Drama
hậu cung,C Drama
miền trung quê mẹ,Drama
sóng ngầm tòa soạn,Drama
su tro,Drama
pig,Drama
ánh mắt anh chỉ dành cho em,Romance
con đường thành sao,Drama
shokugeki no souma shin no sara,Animation
hướng về hà nội,Drama
cô giúp việc đáng yêu,Romance
stranger thing,Horror
doukyuusei,Animation
dao kiem,Action
mama,Music
tài xế taxi,K Drama
ký ức của kẻ sát nhân,Drama
the 100 season 3,Drama
phim nàng vệ sĩ của tôi,Action
thiên thần và ác quỷ,Action
pucca season 1,Animation
vùng đất thây ma,Horror
vanquantuantranh,C Drama
bước qua đời nhau  lê bảo bình  official mv 4k,Music
signal,K Drama
can l,Other
mimamura,Other
con trâu,Other
chung ta,Drama
rồi tới luôn  nal mv audio lyric official,Music
đất và người,Drama
rocky,Sports
hoanokhongmau,Drama
đàn gà trong sân,Animation
slowed,Music
ngày hôm qua,Music
utraman,Action
bqthanh,Other
phim hoai linh,Comedy
tieu nuo,C Drama
yoyo,TV Channel
alex and gaby,Other
khi dan ong,Drama
10 things i hate about you,Romance
xe  mu,Other
karaoke tổ quốc vinh quang,Music
xin làm người xa lạ đan nguyên,Music
tòa tháp chọc trời,Action
tình yêu và âm mưu,Drama
tuyển thủ vô hình,Sports
jurassic,Action
tiên nữ cử tạ,K Drama
perfect world,Animation
ám dạ hành giả,K Drama
hunterxhunter,Animation
tại sao,Other
giọng hát việt nhí 2016,Reality Show
golden time,K Drama
mở an ninh tv,TV Channel
produce 48,Reality Show
tiểu thư quạ,C Drama
khăn choàng oan nghiệt,Drama
vua bong chuyen,Animation
chuyện tình lọ lem,K Drama
dẫu biết,Music
miền đất hứa phần 2,Animation
bóng đá trực tiếp,Sports
be with you,Romance
tai sao boss muon cuoi toi,C Drama
thu,Other
chàng,Other
hoán đổi danh tính,Drama
love logic revenge,Drama
thị trấn về đêm,Drama
rezero,Animation
trân tu ký,C Drama
given,Animation
thời gian lương thần mỹ cảnh,C Drama
tây hành kỷ,Animation
hàn võ ký,C Drama
sixth,Other
y du,Other
thiên kim háo sắc,C Drama
dien hi cong,C Drama
tran tinh lenh,C Drama
con voi,Other
quân vương bất diệt,K Drama
lạc mất nguồn cội,Drama
nữ thanh tra,Drama
black clo,Animation
thời niên thiếu,Drama
dem toi,Drama
phim trung quốc,C Drama
sắc đẹp ngàn cân,Romance
sông đón trăng lên,K Drama
mục trung vô nhân,C Drama
the witch,Horror
thiên,Other
tình yêu bóng nước,Sports
sao nhập ngũ,Reality Show
saku,Other
cona,Animation
yeu nham chi dau,Drama
linh hồn lạc bước,Drama
thoi,Other
bánh mì ông màu,Drama
trần thiên thiên trong lời đồn,C Drama
hoa d,Other
tra tao do,Other
tuyệt đỉnh kungfu,Comedy
huu phi,C Drama
thời tiết ngày mùng 7 tháng 6 năm 2012,News
chiến tranh giữa các vì sao tập ii  sự xâm lăng của người vô tính,Other
tìm em trong ký ức,K Drama
độc bộ thiên hạ,C Drama
góc khuất,Drama
kẻ sát nhân,Drama
anybody can dance,Music
bật video catchphrase của jimmy fallon trên tv của tôi,Comedy
quán gỏi ga doo ri,K Drama
trạm kế tiếp là hạnh phúc,C Drama
lee jun ki,K Drama
hunter x,Animation
sắc đẹp ẩn giấu,Drama
góc khuất số phận,Drama
ký sự thanh xuân,Drama
taxi,K Drama
rể nhà nông,Drama
nhà có 5 nàng tiên,Comedy
lan toả tình yêu,Romance
u23 việt nam,Sports
tha,Other
luoi troi,Drama
ngàn lời nói dối,Drama
shigatsu wa kimi no uso  your lie in april,Other
phim việt nam,Drama
phá án,Drama
true beaty,K Drama
trạch thiên ký,C Drama
khách sạn bí ẩn,Drama
bộ ba quái nhân,Action
nông dân hiện đại,K Drama
co nang cu ta,K Drama
trốn thoát,Action
bts,Music
bác sĩ nhi khoa tài ba,Drama
hai chàng ngốc,Comedy
đội bóng thiếu lâm,Comedy
ngày mai bên em,Romance
con tim dối lừa,Drama
truyền hình,TV Channel
vĩnh sinh,Drama
tân tây du kí,Reality Show
hẹn,Romance
anh chồng bất đắc dĩ,Comedy
mở ca nhạc,Music
city hunter,K Drama
phim gái già xì tin tập 11,Comedy
xin chào,Drama
masa,Other
trò chơi,Reality Show
truong ca hanh,C Drama
tình yêu đích thực,Romance
hai người vợ,Drama
hài hoài linh chí tài,Comedy
đại ca hoá soái ca,Comedy
nụ hôn giác quan thứ 6,K Drama
inuya,Animation
học,Other
kong đảo đầu lâu,Action
howl,Animation
nhóm nhảy tài ba,Reality Show
quá nhanh quá nguy hiểm,Action
người đẹp ngủ trong rừng,Animation
thế giới cool ngầu,Other
bi kịch triều đại,Drama
bà thám tử tài ba,Drama
mở kinh phật,Other
người thầy y đức2,K Drama
co tay ao mau do,K Drama
sắc tình dụ hoặc,Romance
cuối cùng cũng đến lượt,Other
thân chủ,Drama
phát video hướng dẫn làm bánh bao,Other
bi kịch thượng lưu,K Drama
công chúa ourora,Animation
peaky,Drama
truy tìm ký ức,Drama
những người thừa kế,K Drama
ngôi nhà ma ám,Horror
theo dấu sát nhân,Drama
thiên thần diệt thế,Action
kamen,Action
saimdang nhật ký ánh sáng,K Drama
ông trùm,Drama
bác sĩ thiên tài,Drama
người thầy y đức phần 2,K Drama
cô nàng mạnh mẽ do bong soon,K Drama
ca sĩ thần tượng,Reality Show
weekly idol,Reality Show
nabuto,Animation
hậu vệ mặt trời,K Drama
hai phượng,Action
ngục tù,Drama
hyouka,Animation
connan,Animation
câu lạc bộ báo thù,Drama
school 2015,K Drama
phim hài kịch,Comedy
thiếu nữ toàn phong,C Drama
about time,Romance
star wars jedi cuối cùng,Action
siêu nhân biến hình,Action
gia đình mafia,Drama
phim gia đình,Drama
chúa tể học đường,Drama
trầm vụng hương phai,C Drama
tuyển việt nam hòa quả cảm trước nhật bản,News
yêu em từ,Romance
tat ca phim hoat hinh,Animation
học châu phu nhân,Drama
nhật ký cậu bé nhút nhát những nguyên tắc của rodrick,Comedy
cuối cùng cũng,Other
vaklak,Other
đóa hoa tham vọng,Drama
khoi,Other
toi doc,Other
kí sự thanh xuân,Drama
hướng dương ngược nắng,Drama
làm dâu nhà giàu,Drama
ngọc lan,Drama
vuong g,C Drama
kẻ quyến rũ đa tài,Romance
công tố,Drama
tiếu ngạo giang hồ,C Drama
gặp nhau giữa rừng mơ,Romance
khoảnh khắc thần tình yêu,Romance
bac si ma,Drama
kungfu,Action
phim cổ trang,Drama
tuyển việt nam ổn định bộ khung trước trận đấu malaysia,Sports
kênh,TV Channel
những chú mèo,Animation
hẹn ước tình yêu,Romance
htv3,TV Channel
đôi tai ngoại cảm,Drama
chuyện kinh dị lúc nửa đêm,Horror
phim ngắn,Drama
han hyo joo,K Drama
bức màn tình yêu,Romance
nam giu,K Drama
em bé,Animation
em là niềm,Romance
đại chiến titan 1,Animation
hachiko chú chó trung thành,Drama
bác sỹ luật sư,K Drama
cuoc song thuong luu,K Drama
bungou stray dogs,Animation
mẹ ơi,Drama
tuổi 25 tuổi 21,K Drama
hero,Action
nhung c,Drama
natsume,Animation
poside2006,Other
chị đã thành công thu hút sự chú ý của tôi,Romance
siêu nhân tiga,Animation
hàn quốc vs brazil,Sports
ai là nữ hoàng mùa 2  queendom season 2,Reality Show
đá banh,Sports
youtobe,TV Channel
rimuru,Animation
trò chơi tình yêu,Romance
cô dâu 8 tuổi,Drama
cuộc chiến siêu sao,Reality Show
noi,Drama
changeling,Drama
cuộc chiến tỏ tình,Reality Show
kingsm,Action
được gặp em tại ngục tối liệu có sai phần 3,Animation
hakiyu,Animation
ha tien,Drama
điều tra pháp y,Drama
kaguya,Animation
oan gia phòng cấp cứu,K Drama
hoan,Drama
u23 hàn quốc  u23 thái lan  xem lại trận đấu  hightlights cúp bóng đá u23 châu á afc 2022,Sports
all in one,K Drama
phim trung,C Drama
tranformer,Action
phim việt nam hay nhất 2021  xin chào hạnh phúc  người giúp việc  trọn bộ,Drama
what is this child,Drama
ji chang wook,K Drama
bảo anh,Music
em cũng cần một bờ vai,Romance
dieu,Drama
xuân hạ thu đông,Drama
đại sư huynh,C Drama
dtappledogs time,Other
nhất dạ tân nương 2 thuyet minh,C Drama
3   idiots,Comedy
tai sao,Drama
fnf,Music
nhiệt huyết thần thám,C Drama
anh em,Drama
doc c,C Drama
doraemon nobita và cuộc chiến vũ trụ tí hon 2021,Animation
hồng duy tuấn anh được chăm sóc đặc biệt riêng xuân trường lẻ loi,Sports
swort art o,Animation
mada,C Drama
zombieland saga season 1,Animation
cccggggg,Other
con cò trắng phi nhung,Music
liveshow dạ khúc cho tình nhân,Music
cenchenno,Other
vua  bep soma,Animation
mưa nửa đêm,Drama
giọng hát việt 2018,Reality Show
thanhh gươm diệt quỷ,Animation
the eve,Music
avengers,Action
chỉ là quan,Drama
jour,Drama
wwwtiso,Sports
vượng râu,Comedy
buca,Drama
dao kiem than vuc,Animation
pham nhan tu tien,C Drama
juijutsu,Animation
365,Romance
dáng hình thanh âm,Animation
vtc8,TV Channel
sự lãng mạn bí mật,K Drama
thả thính thiên hạ,Romance
lộc đỉnh ký,C Drama
phim thương ngày nắng về,Drama
cuộc chiến thượng lưu 1,K Drama
nữ sát thủ xinh đẹp,Action
hóa ra thời gian đều ghi nhớ,C Drama
trang trại khủng long,Animation
stranger from hell,Horror
cánh thiên nga,Drama
bembitious,Reality Show
co dau nhap khau,Drama
ngạ quỷ vùng tokyo,Animation
log horizon,Animation
người hầu gái,K Drama
nhà trọ waikiki 2,K Drama
mộc hoa lục,C Drama
nàng chada,Horror
cơn gió tình yêu,Romance
sonic,Animation
runn,Reality Show
minecra,Animation
bố ơi mình đi đâu thế,Reality Show
phim chiếu rạp việt nam,Drama
ký sinh trùng,K Drama
hometown cha cha cha,K Drama
lam hoả diệt quỷ,Animation
vua bếp soma phần 5,Animation
phù,Other
nguoi ay la ai,Reality Show
thu thach than tuong,Reality Show
quy tắc quý cô,C Drama
khúc hát sông quê,Music
thập diện mai phục,Action
insider,K Drama
anya,Animation
cùng anh ăn một bữa ngon,C Drama
dư sinh,C Drama
meow chàng trai bí ẩn,K Drama
ngô cẩn ngôn,C Drama
live on,K Drama
kẻ vô danh,Action
plundere,Animation
tại sao boss lại muốn cưới tôi,C Drama
bước qua ranh giới,Drama
chocolate hạnh phúc,Romance
vô hạn hệ thống,C Drama
vin,Other
mũi tên xanh,Action
thien co quyet tran,C Drama
truyền thuyết thanh khâu hồ,C Drama
lee kwang soo,Reality Show
tình yêu hệ,Romance
bạn gái tôi là hồ ly,K Drama
nguoi la den tu dia nguc,Horror
f4 thái lan,Drama
ác hơn quỷ dữ,Horror
thám tử,Action
yêu trong đau thương thuyết minh,K Drama
tập thể dục,Sports
ký ức lọ lem,Romance
nàng vệ,Action
room,Drama
bóng đá việt nam,Sports
phim ca nhạc duyên phận 2,Music
điều kì diệu ở phòng giam số 7,K Drama
nhạc thiếu nhi hay và ý nghĩa,Music
bí ẩn song sinh,Drama
trạng quỳnh,Comedy
thần thoại,Drama
on football,Sports
trực tiếp bóng đá hôm nay,Sports
golf,Sports
cuộc chiến thượng lưu 3 thuyết minh,K Drama
boys over flowers,K Drama
công chúa auora,Animation
sam sam đến rồi bản thái,Drama
hunter hunter,Animation
nhiệt huyết thần tượng phần 2,Reality Show
bí mật nàng fangirl,K Drama
kinhluptv,TV Channel
tình ca tây bắc,Music
boss baby,Animation
o re,Other
tam sinh tam the thap ly dao hoa,C Drama
cánh cửa trùng sinh,C Drama
bật video của tiên tiên trên tv của tôi,Music
cam cam,Other
thien tai,Drama
trường vũ,Music
kế hoạch đào tẩu,Action
konosuba,Animation
monkey,Animation
chạy đến bên em với vận tốc,K Drama
trái tim khuê nữ,Drama
sát thủ,Action
gã hề ma quái,Horror
kỷ băng hà,Animation
thầm yêu quất sinh hoài nam,C Drama
dac nhiem tham tu,Action
yêu nhầm con gái ông trùm,Romance
đẹp trai là số 1,Comedy
chỉ là,Other
cô dâu bị cáo,Drama
cảnh sát tân binh,Drama
mortal kombat,Action
kimetsu,Animation
chuyện ma đô thị,Horror
tôi không phải là robot,K Drama
u23 hàn quốc  u23 thái lan  xem lại trận đấu  cúp bóng đá u23 châu á afc 2022,Sports
ajin,Animation
bong da,Sports
biệt đội hành động,Action
truyền thuyết 12 con giáp,Animation
sono,Other
the gioi trong tuan,News
công chúa a,Drama
cong chua ohrora,Animation
conan cậu bé tương lai,Animation
ngu giao ki,C Drama
nghệ thuật đối phó,Other
sousei,Animation
thiên nga bóng đêm tập 1,Drama
thuong,Other
ngu su,Other
cưa đổ nàng ác ma,Romance
pháp y tần minh thuyết minh,C Drama
eve 2022,K Drama
phap,Other
dị nhân,Action
giang hồ đòi nợ gặp ngay nữ cảnh sát ngầm  có lẽ đây là phim lẻ hình sự việt nam 2022 hay nhất,Action
gotoubun,Animation
lương sinh liệu đôi ta có thể ngừng đau thương,C Drama
người nhện xa nhà,Action
blues,Music
yêu thầm,Romance
ông bố vô địch,Drama
linh hồn lạc lối,Horror
lực lượng,Other
yuushibu,Animation
the good doctor season 1,Drama
itaewon,K Drama
công chúa arora,Animation
con duong ha,Other
trần thiên,Other
chang h,Other
vua đầu bếp,Reality Show
có bạn gái lại thêm bạn gái,Romance
chuyện tình lãng mạn của ta và thiếu gia,Romance
martha marcy may marlene,Drama
cleopatra,Drama
những bác sĩ tài hoa,Drama
be my boyfriend,Romance
ván bài lật ngửa  tập 3 phát súng trên cao nguyên,Drama
em về miền tây,Music
hoàng cung,K Drama
chuyện tình mùa đông,K Drama
cơn thịnh nộ chết người,Action
li ca hành,C Drama
siêu đầu bếp,Reality Show
venom let there be carnage,Action
yêu em từ dạ dày,Romance
wwe,Sports
cặp đôi lệch,Romance
chuyện ngày xưa ở hollywood,Drama
the killers shopping list,K Drama
hội pháp sư2,Animation
vương triều xác sống,K Drama
công chúa bán yêu,Animation
lâu đài di động,Animation
phim sao băng,K Drama
mở yoyo,TV Channel
danh sach,Other
my hero ac,Animation
thế giới hoàn mỹ,C Drama
the thing,Horror
biệt đội cứu hỏa,Drama
vov,TV Channel
fairy tail 3,Animation
khi em m,Other
mầm sống hiểm họa,Horror
nghệ thuật săn quỷ và nấu mỳ,K Drama
antman,Action
trò chơi khao khát,Drama
armor,Other
nhà có 5 nàng dâu,Drama
relife,Animation
theo yêu cầu,Other
vanit,Animation
luật sư bất đắc dĩ,Drama
vua hai tac,Animation
nisekoi,Animation
chàng ơi đừng thả thính,Romance
on sport,TV Channel
lời nguyền quyến rũ,Romance
gái ngàn đô,Drama
meo,Other
i can see your voice,Reality Show
gay,Other
coco,Animation
phượng tù hoàng,C Drama
bống bống bang bang karaoke,Music
cencoroll,Animation
tế công,C Drama
cương thi diệt tà,Horror
hắc bạch vô song phần 3,Drama
secret,Drama
thvl,TV Channel
tình trong lửa hận,Romance
tình người duyên ma,Horror
xuân này con vắng nhà,Music
oan gia cay nồng,Comedy
hoa tuyết điểm,Drama
nhật ký ma cà rồng phần 7,Drama
bungo,Animation
home alone,Comedy
the boy,Horror
kairs,Other
nhất,Other
tiểu nữ hoa bất khí,C Drama
chu bo doi nhac  thieu nhi,Music
quy o,Horror
nhóm nhảy tài ba  great dance crew,Reality Show
công chúa aurona,Animation
atack on ti,Animation
garo,Action
kirito kirito,Animation
tình yêu và định mệnh,Romance
u23 hàn quốc  u23 nhật bản  vượt trình  highlights cúp bóng đá u23 châu á afc 2022,Sports
thành long,Action
trach thien ky,C Drama
thế giới phép thuật,Drama
thien nga,Drama
ve dep,Other
zero one,Action
bien thanh lang tu,C Drama
yoga,Sports
tien vu,C Drama
kênh cartoon network,TV Channel
tam sinh tam,C Drama
chỉ là quan hệ,Romance
cuoc ch,Other
bé tập thể thao,Sports
the boss baby family business,Animation
hàng xóm của tôi là totoro,Animation
nhu y phuong phi,C Drama
hentaiz,Animation
moonlight drawn by clouds,K Drama
bạn trai hợp đồng,Romance
yêu anh là điều không thể,Romance
wolf girl and black prince,Animation
fairy tail season 3,Animation
cạo râu xong tôi nhặt gái về nhà,Animation
truyền hình vĩnh long 1,TV Channel
huế thương,Music
finding you,Drama
hận tình hoán phận,Drama
lang quân 100 ngay,K Drama
xem phim massage,Drama
phim thiên nga đen t4,Drama
men are men,K Drama
dư sinh xin chỉ giáo nhiều hơn,C Drama
thuyền hoa,Music
lbx,Animation
lời thì thầm,Drama
em là thần thủy ngân chì,Other
với vua sư tử batistuta trở thành huyền thoại thật đơn giản,Sports
sợi xích thần,Drama
gumba,Animation
tôi,Other
lính bắn tỉa mỹ,Action
avengers hồi kết,Action
again,Other
bố ơi,Reality Show
tầng lớp itaewon,K Drama
biệt đội đánh thuê 2,Action
bến thượng hải,C Drama
cuối cùng cũng tới lượt tôi yêu,C Drama
gửi thời thanh xuân ấm áp của chúng ta,C Drama
hoi phap su,Animation
công viên kỷ jura iii,Action
hãy là gia đình trong mơ của tôi,Drama
ai chung tình được mãi,Music
phimma,Horror
25 21,K Drama
cuộc sống thường ngày của tiên vương,Animation
swat,Action
xuyên không,C Drama
shalala bolero,Music
chu me,Other
tana,Other
cua lai vo bau,Comedy
vinh s,Other
natsu,Animation
vua,Other
sonic the hedgehog 2,Animation
one of us,Other
u23  việt nam gặp u23 han quốc,Sports
trường luật,K Drama
ngược dòng thời gian để yêu em,Romance
cuoc chi,Other
ngôn tình,Romance
pen,K Drama
gui th,C Drama
the hangover,Comedy
iron,Action
gossip girl,Drama
canh dep,Other
thv,TV Channel
mở bài hát,Music
câu hò bên bến hiền lương,Music
mahou,Animation
kim phấn thế gia,C Drama
lee dong wook,K Drama
cao bồi,Action
rồi tới luôn,Comedy
pháp y tân minh,C Drama
baifern,Romance
stree,Horror
thiên quan tứ phú,C Drama
công viên kỷ jura,Action
begin again,Music
shrek,Animation
lệ quyên,Music
rung dong rimix,Music
toky,Animation
trò chơi vương quyền s2,Drama
hau cung,C Drama
playtime,Other
lính,Action
hiệp sĩ bóng đen,Action
nhất dạ tân nương 2 the romance of hua rong 2,C Drama
nha tro waikiki2,K Drama
1000 nụ hôn,K Drama
phuong tr,Other
songucu,Animation
khủng long bạo chúa,Action
dien,Other
vua dau bep,Reality Show
người châu yên em bắn máy bay,Music
sự trở về của jang bo ri,K Drama
em dep,Other
vũ điệu rửa tay,Music
simmy,Animation
evagelion,Animation
trò chơi gọi hồn,Horror
phim có thuyết minh,Other
ai là nữ hoàng 2,Reality Show
nguyen long,Animation
nhac bolero,Music
chú voi con trên bản đôn,Music
sapa tv,TV Channel
penthouses cuoc chien thuong luu 3,K Drama
cờ ta gặp lại,Other
kdrama,K Drama
chang re nha nong co dau qu,Romance
huongvitinhthan,Drama
nhạc chế trong tù,Music
linh,Action
the secret of my success,Comedy
giọng hát việt 2018 đo ván,Reality Show
u23 ả rập xê út  u23 việt nam  xem lại trận đấu  cúp bóng đá u23 châu á afc 2022,Sports
ngôi nhà bươm bướm,Comedy
bật máy múc,Other
hài kịch,Comedy
don,Other
đại chiến người khổng lồ phần cuối,Animation
tần,C Drama
quý ông 3000,Reality Show
lee min hoo,K Drama
đông,Other
đảo ảo mộng,Other
vĩnh sinh vô tận tiên đồ,C Drama
phim hay,Other
sứ mệnh cuối cùng của thiên sứ,K Drama
slithenio,Other
tvn,TV Channel
one pi,Animation
gia tài bất đắc dĩ,Comedy
nhiet huyet t,Drama
chiếc nón kỳ diệu,Reality Show
mộng ho,Other
hoa gia tân nương,C Drama
huyền thoại vua arthur thanh gươm trong đá,Action
blaze và các cỗ máy quái vật,Animation
h n c t hon ngo xa giao luu tu son,Music
về nhà đi thôi,Drama
phim cô bằng trong trắng oi who ri tập 914 thuyết minh,K Drama
tài xế ẩn danh,K Drama
vẻ đẹp ngây thơ,Other
tom và jerry,Animation
những tháng năm rực rỡ,Drama
bóng,Sports
ngay mai,Other
minh lan,C Drama
phim cổ tích,Drama
phim sao băng thuyết minh,K Drama
moi tinh bi mat,Romance
thục sơn chiến kỷ,C Drama
the return of superman vietnam,Reality Show
bat ma pha an,Horror
cuộc sống,Drama
luận ai xứng danh anh hùng,Drama
thư kí kim sao thế,K Drama
the penthouse,K Drama
anh co thich brahms,K Drama
anna,K Drama
madongsoke,Action
trịnh,Drama
mê cung huyền thoại,Drama
little forest,K Drama
quý,Drama
chau sinh nhu co,C Drama
hải đường kinh vũ yên chi thấu,C Drama
thiên cổ,C Drama
bad and crazy,K Drama
khuyển dạ xoa,Animation
nhân duyên trêu đùa,Romance
thượng lưu,K Drama
park min young,K Drama
phim việt,Drama
hero academia,Animation
sinh,Drama
cẩm tú vị ương,C Drama
thiếu gia ác ma đừng hôn tôi,C Drama
tranh thien ha,C Drama
bí mật nơi gốc tối,Drama
viên đá bí ẩn,Drama
tình,Romance
song ji hyo,K Drama
sky family,K Drama
siêu nhân zet,Action
mối hận truyền kiếp,Drama
nàng dâu của ông trùm,Drama
con mắt thứ 3,Horror
dust,Drama
bệnh viện thần ái,Drama
nàng dâu đại gia,Drama
game o,K Drama
anh em siêu quậy,Comedy
giả danh,Drama
chú thỏ con,Animation
sao sống thật bùi hoàng việt anh,Reality Show
htv7,TV Channel
hai quê,Drama
oh hae young,K Drama
zootopia,Animation
nhảy,Music
mở chôm chôm,Music
huyen cua on noan,C Drama
gia đình siêu nhân,Comedy
jurassic park iii,Action
our b,K Drama
làm lại cuộc đời,Drama
kẻ quyến rũ,Romance
liên khúc rumba,Music
chuyen tau sinh tu,Horror
u23 việt nam  u23 malaysia  xem lại trận đấu  cúp bóng đá u23 châu á afc 2022,Other
chàng trai cuồng sạch sẽ,K Drama
hạ tiên sinh lưu luyến không quên,C Drama
truy tìm kẻ sát nhân 3,Action
kẻ truyền,Drama
tinh nguoi duyen ma,Horror
chung toi,Drama
đại thích khách,Action
orient,Drama
tạm biệt búp bê thân yêu,Drama
nửa là đường mật nửa là đau thương,C Drama
tottenham,Sports
hạ tiên sinh,C Drama
i need romance,K Drama
lay d,Drama
mở baby shark,Music
thời gian và em đều thật ngọt ngào,C Drama
co nang manh me,K Drama
chỉ là mối quan hệ hôn nhân,C Drama
hải,Drama
sương hoa điếm,K Drama
nguoi,Drama
quán rượu di động,K Drama
i hear you,C Drama
người phán xử,Drama
tham tu pho tau,Comedy
dragonball,Animation
tuoi t,Drama
lớp học biết tuốt,Comedy
quynh bup be,Drama
ngày mai,Drama
dream,K Drama
công chúa o,Animation
chú nhím thần tốc sonic,Animation
soul,Animation
học chiến đô thị asterisk phần 2,Animation
tâm lý tội phạm,Drama
tình yêu và tình dược,Romance
bụi đời gangnam,Action
kuro,Animation
rung động khi bên em,Romance
modern talking,Music
siêu cớm tranh tài,Action
luật rừng,Drama
shokugeki no souma ni no sara,Animation
tinh,Romance
hãy nhắm mắt khi anh đến,C Drama
noah  đại hồng thủy,Other
boku no hero,Animation
nhat ky tu do cua toi,K Drama
ngộ long,C Drama
thời gian và em biệt lai vô dạng,C Drama
mật danh,Action
baby,Drama
yêu em,Romance
edge of tomorrow,Action
nợ tình,Romance
lam,Drama
bach quy da hanh,Horror
công chua aurora,Animation
disney,Animation
hoc vien do den,Drama
cậu bé rôbốt,Animation
con nhà giàu,Drama
kenja no mago,Animation
nha,Drama
cám dỗ,Drama
tình yêu không thể ngờ,Romance
cô nàng vệ sĩ của tôi,Action
tuổi 25,K Drama
công công xuất cung,C Drama
siêu trộm,Action
phim âm nhạc,Music
jang na ra,K Drama
tiêu chiến,C Drama
nhan cach trong em,Drama
lặng lẽ thích cậu,Romance
squid game,K Drama
cảnh sát người máy,Action
ba chị em,Drama
chú bé mang pyjama sọc,Drama
lop hoc am sat,Animation
sống lại tuổi 20,Drama
vị khách không mời,Horror
cảm ơn vì đã để anh gặp được em,Romance
otome,Romance
ong hoang mua sam,K Drama
tuyết trung hãn đao hành,C Drama
hồi sinh thế giới phần 2,Action
vinahao,Drama
hero tim,Action
loa phường,News
khúc biến tấu ánh trăng,Romance
lâu đài bay của pháp sư howl,Animation
kênh today,TV Channel
cô dâu thuỷ thần,K Drama
trách ai vô tình thanh ngân,Music
bai bien khoa,Drama
running man trung quoc,Reality Show
chân hoàn,C Drama
mỹ nam thời minh trị,Drama
zio,Drama
tiếng đàn ta lư,Music
nhan,Drama
triệu giáp đệ,C Drama
gong yoo,K Drama
mob,Animation
joker,Drama
hunterx,Animation
công chúa ohara,Animation
1 đời 1 kiếp,Romance
to y,Drama
sát thủ akame,Animation
ngọc sơn,Music
chàng trai tham vọng,Drama
kinn,Romance
kim cương máu,Action
vanitas,Animation
nguo,Drama
att,Action
mộng hoa lâu,C Drama
đại ma vương anos,Animation
trong vòng tay sói s2,Romance
tình yêu ngang trái,Romance
trang quynh,Comedy
chuunibyou,Animation
hen ho chon cong,K Drama
mở nhạc bolero,Music
phim mới,Drama
trận chiến sống còn tập,Action
mom and dad,Drama
yen chi,Drama
mat danh k2,K Drama
hann,Drama
trần vụn hương phai,C Drama
mối tình vụng trộm,Romance
lệ cơ truyện,C Drama
the platform,Horror
nghĩa kỳ quân thân yêu,C Drama
huyền của ôn noãn,C Drama
võ mị nương truyền kỳ,C Drama
my tam,Music
cuộc,Drama
pháp sư mù,Action
gió về miền xuôi,Drama
tinh chi duyen em,Romance
co na,Drama
ngai vàng của thiên nga,Other
lee min ho,K Drama
thơ ngây 2,Romance
the ga,Drama
toi la bede phone cua em,Romance
hôn nhân vĩnh hằng,Romance
nobita,Animation
tina,Other
chốn an toàn,Drama
cô dâu thủy thần,K Drama
phim chuyến bqy sinh tử,Action
mở nhạc sống,Music
conan movie,Animation
người lạ thoáng qua karaoke,Music
sign,Drama
tiểu nữ nghê thường,C Drama
the medium,Horror
hay goi toi la tong giam doc,C Drama
góc khuất của số phận,Drama
tiếng sét trong mưa,Drama
huong mat,C Drama
chinese film,C Drama
catch me if you can,Drama
võ mị nương,C Drama
mèo con của em,Romance
minecraft,Other
góc ôn nhu,Romance
broker,K Drama
puretube,Other
family outing,Reality Show
bac si xu la,K Drama
avatar the last airbender,Animation
thanh gươm diệt quỷ 2,Animation
yumi cell,K Drama
trực tiếp việt nam,Sports
hào quang nghiệt ngã,Drama
oan gia,Drama
boku no hero academia,Animation
cuộc chiến tình yêu,Romance
cô hàng xóm quyến rũ,Romance
oanh oanh tuc ngu diec nan cau,Other
quý ông đại chiến,Reality Show
kim ngọc mãn đường,C Drama
tình yêu không ngờ đến,Romance
gai gia lam chieu,Comedy
lối về miền hoa,Drama
khu rừng thần bí,K Drama
lạc mất cội nguồn,Drama
nguoinhen,Action
cảnh đẹp ngày vui biết bao giờ155sns,Music
101,Reality Show
sangchi,Action
dang cap thuc khach,Reality Show
cuoc chien nguoi k,Drama
tên tôi là busaba,Romance
fruit basket,Animation
hoàng tử ốc,Animation
love lies,Romance
weekly,News
hoa hồng trên ngực trái,Drama
you raise me up,Music
đùa với lửa,Drama
bac,Other
ca cổ hài cải lương,Music
jonh,Other
những,Other
sam sam tới rồi,C Drama
bad fairy,Drama
thien linh cai,Horror
bên cầu hiền lương,Drama
nguỵ triết minh,C Drama
yêu nhầm chị dâu tập 29,Romance
con tàu ma,Horror
oggy oggy,Animation
việt nam ơi,Music
con đường xưa em đi,Music
cuộc sống thượng lưu thuyết minh,K Drama
lương thần mỹ cảnh,C Drama
sứ mệnh thần chết,K Drama
the pursuit of happyness,Drama
nu ve si xin,Action
giọng nói,Music
bí mật nơi,Drama
ngoc lau xuan,C Drama
tan bang phong than,C Drama
deadpool,Action
ban,Other
nửa đường mật nửa đau thương,C Drama
kịch bản yêu đương của nàng và chàng,Romance
nct,Music
the best hit,K Drama
hộc châu,C Drama
danh sa,Other
nar,Animation
bố y thần tướng,C Drama
búp bê bất khả chiến bại,Action
one punch man,Animation
boku no hero academia season 4,Animation
bolero,Music
toto,Other
diep van,Action
viên đa bi an,Other
người đẹp tóc mây,Animation
một con vịt,Music
mở nhạc vàng,Music
yêu tinh,K Drama
quỷ dữ,Horror
cho ngày cưới em,Romance
siêu nhân,Action
ice age,Animation
black clover,Animation
fairy tail,Animation
black cov,Animation
mở hoạt hình,Animation
kênh vtv6,TV Channel
tsubasa,Animation
mr queen,K Drama
giáng thu,Music
như đã dấu yêu,Romance
sam sam đến rồi,C Drama
vinahouse,Music
vị thần vô gia cư,Animation
pipai,Other
rắn đuôi chuông,Horror
dog,Other
shadow,Other
attack on titan season 4,Animation
trữ tình,Music
chú chó đi hai chân,Animation
the wic,Drama
hội pháp sư,Animation
mindhunter,Drama
dị thế ma vương,Animation
chàng hậu,K Drama
anh sao va bau troi,Romance
nhanh như chớp,Reality Show
2 day 1nigh,Reality Show
bống bống bang bang,Music
tìm kiếm bằng giọng nói,Other
suc manh va tinh yeu,Drama
boruto naruto the movie,Animation
my sassy girl,Romance
con tim sắt đá,Drama
akagami no shirayuki,Animation
thanh gươm diệt quỷ chuyến tàu vô tận,Animation
phim ma,Horror
khi màn đêm gợn sóng,Drama
lấy danh nghĩa người nhà,C Drama
thử thách thần tượng  running man,Other
king kong,Action
thanh xuân vật vã,K Drama
taxi em tên gì,Comedy
anh chỉ thích em,C Drama
bố già,Comedy
one p,Animation
keep running,Reality Show
016tandu,Other
the maze runner,Action
đấu trường âm nhạc,Music
hoc vien anh,Animation
liên khúc hải ngoại,Music
pladio,Other
tân cổ phi nhung,Music
kaitou kid,Animation
tiếng xưa,Music
tuỳ đường diễn nghĩa,C Drama
running man,Reality Show
tiên nữ cử tạ kim bok joo,K Drama
bác sĩ tim,Drama
mặt trăng ôm mặt trời,K Drama
quý ông hoàn hảo và cô nàng tạm được,Romance
cao oc,Drama
cuộc chiến nội cung,Drama
fairy tail season 2,Animation
cardcaptor sakura,Animation
thanh xà bạch xà,C Drama
tôi thấy hoa vàng trên cỏ xanh,Drama
soma,Other
phim lẻ king kong,Action
hotel del luna,K Drama
hoàng kim giáp,C Drama
hội pháp sư 2,Animation
yeu em t,Romance
luoi troi tap1,Drama
jujutsu kaisen,Animation
bác sĩ giáng sinh,Drama
star,Other
mình lần,Other
anh thơ,Music
hậu duệ mặt trời,K Drama
người đàm phán,Drama
phia truoc la bau troi,Drama
minh châu rực rỡ,C Drama
penthouse 3,K Drama
thiếu niên ninja rùa đột biến,Animation
kimetsu no yaiba,Animation
mr beans holiday,Comedy
ma trận 3 cuộc cách mạng,Action
penthouse 2,K Drama
yêu dại khờ,Romance
magg,Drama
cô vợ bắt buộc,Romance
cuộc chiến thượng lưu,K Drama
the her,Romance
cô bé masha và chú gấu xiếc,Animation
bất chợt tìm thấy cậu,Romance
xe cấp cứu,Drama
tien nu cu ta kim,K Drama
phi v,Action
magic kaito,Animation
baby shark,Animation
hau d,K Drama
siêu tài năng nhí mùa 3,Reality Show
46 ngày san bằng đám cưới,Romance
phim thái,Drama
thiên nga đen,Drama
chuyen tinh lo,Romance
kur,Animation
yakusoku no neverland,Animation
vô tình nhặt được tổng tài,C Drama
vào ma giới rồi đấy irumakun,Animation
doi dac,Action
nhà trọ waikiki,K Drama
bầu trời rực đỏ,Drama
cô nàng trong trắng oh woo ri,K Drama
ca nhạc,Music
vẻ đẹp đích thực,K Drama
gia đình đức hạnh,K Drama
street man,Reality Show
nguc tu tinh yeu,Romance
tokyo,Drama
em đẹp nhất là khi mỉm cười,C Drama
cara xin lỗi mẹ ngay trên sóng truyền hình,Reality Show
cuộc chiến,Drama
học viện anh hùng phần 6,Animation
nước cờ đi vào tim em,Romance
tro choi con muc,K Drama
ly nhân tâm thượng,C Drama
sao băng,K Drama
hau cung nhu y,C Drama
học viện quân sự liệt hỏa,C Drama
doraemon,Animation
thử thách thần tượng,Reality Show
hoa c,Drama
phim hành động,Action
adventure time,Animation
hoa du kí,K Drama
phong bạo vũ,C Drama
nỗi vương vấn của hạ tiên sinh,C Drama
luu l,C Drama
tay du,C Drama
oggy,Animation
why her,K Drama
lưu ly mỹ nhân sát,C Drama
ve de,K Drama
lần đầu tiên,Romance
earth arcade,Reality Show
kim chi ngoc diep,Drama
chang  h,Other
nàng yêu hoa tím mạnh quỳnh,Drama
kênh vtv1,TV Channel
vườn sao băng,K Drama
chú vịt con,Animation
attack on titan final season,Animation
ma trận tái sinh,Action
ngoi sao kh,Reality Show
kết hôn rồi bắt đầu yêu,Romance
nhat  k,Other
guardians of the galaxy,Action
sống,Drama
spy family,Animation
kẻ trộm mặt trăng minions,Animation
học viện anh hùng phần 5,Animation
thien quan tu phuc,Animation
nhu ý phuong phi,C Drama
thanh thanh tử khâm,C Drama
karaoke bài hát làng vui,Music
naruto,Animation
301,Other
truyền hình việt nam,TV Channel
bạn muốn hẹn hò,Reality Show
theqioi son,Drama
yêu trong hận,Romance
hoi,Drama
true,K Drama
bungou stray dogs season 3,Animation
summer time render,Animation
thu gui tong,Drama
hori,Animation
legend of bl,Romance
khủng long,Animation
dai hiep hoac nguyen giap,C Drama
ultraman tiga,Action
engega kisss,Animation
prime provider,Other
mễ lộ đông phương,C Drama
liên minh công lý phiên bản của zack snyder,Action
huyền thoại biển xanh,K Drama
bắt nhảy,Reality Show
mở thời sự 24h,News
tam thiên nha sát,C Drama
bảo yến,Music
chú mèo con,Animation
chuyen chang co bap,Drama
cuoc s,Drama
cổ tay áo màu đỏ,K Drama
maquia,Animation
ve than gia,Drama
thiếu nhi,Animation
mị nguyệt truyện,C Drama
lê hấp đường phèn,C Drama
phia,Drama
chú thuật hồi chiến,Animation
nhanh và nguy hiểm 9,Action
rừng lá thấp,Drama
the un,Drama
chuyển sinh thành slime,Animation
waccha primagi,Animation
hoa nở trăng vừa tròn,K Drama
miền đất hứa,Drama
thap,Drama
những gã tồi,K Drama
u19,Sports
khát vọng thần tượng,Reality Show
slamdunk,Animation
satama3,Animation
inuyasha,Animation
khách sạn ma quái,Horror
à ơi,Music
thanh gươm diệt quỷ phần kỹ viện trấn,Animation
thế giới động vật,News
một mình sao hỏa,Action
tuyệt thế hồ ly,C Drama
vi khach vip,K Drama
hiệp sĩ mù,Action
boruto,Animation
gà lậu,Drama
love alram,K Drama
sự khởi đầu của hành tinh khỉ,Action
nàng bạch tuyết và bảy chú lùn,Animation
thiên nga bóng đêm,Drama
vân tịch truyện,C Drama
nghe chương trình vĩnh long,TV Channel
lửa chiến,Action
minions,Animation
love,Romance
chuc anh khao,Comedy
penthouse 1,K Drama
de gea,Sports
học viện anh hùng phần 2,Animation
cô nàng đầu bếp của tôi,Romance
ashoka,Action
once again,K Drama
anh hùng,Action
người 200 tuổi,Drama
josse,Drama
thủy hử,C Drama
lý tiểu long và tôi,Action
hạnh phúc đến vạn gia,C Drama
the sixth sense,Horror
na tra,Animation
battlebots,Reality Show
tokyo ghoulre,Animation
liên khúc nhạc vàng,Music
vệ sĩ sát thủ,Action
toán lớp 2 chương trình cũ,News
tinh hà xán lạn,C Drama
hoan hon,K Drama
ca the,Music
paw patrol,Animation
mây họa ánh trăng,K Drama
nhạc,Music
what child is this,Music
bắt ma phá án,Horror
nhan d,Drama
black c,Animation
phim lâu đài của thiên nga,Drama
doi bong tia chop,Animation
conan,Animation
hakyuu,Animation
cẩm tú nam ca,C Drama
huyen tho,Drama
truyen la tran,Drama
tại sao lại là oh soo jae,K Drama
chihiro,Animation
truyền thuyết đô thị,Horror
tấm cám,Drama
lovers of the red sky,K Drama
hoàng hậu cuối cùng,K Drama
thử thách thần chết giữa hai thế giới,Action
conan  thám tử lừng danh,Animation
heo peppa,Animation
tây du ký,C Drama
nga quy,Horror
gia tai,Drama
về xứ nghệ,Drama
kim tịch hà tịch,C Drama
thien vu ky,C Drama
hoi p,Reality Show
sự trỗi dậy của khiên hiệp sĩ phần 2,Animation
tình cha,Drama
su ti,Drama
búp bê chibi,Animation
dac a,Romance
cuoc c,Drama
không còn nợ nhau ca sĩ lệ quyên,Music
pripiri,Animation
bạn trai tôi là hồ ly,K Drama
10 năm 3 tháng 30 ngày,C Drama
chúng ta đáng yêu đến thế,C Drama
gia đình tiểu mẫn,C Drama
hen ho chon cong so,K Drama
nasa,News
2012,Action
kẻ dị biệt trong trường học phép thuật,Drama
tuyển tập gia đình là số một,K Drama
nhím sonic,Animation
người ba mặt  hồ sơ lửa,Other
thời sự,News
sinh nhật của bé,Animation
tháng 4 là lời nói dối của em,Animation
chien  doi th,Other
reply,K Drama
ngay,Drama
truyền thông indonesia hài lòng về 1 điểm trước tuyển việt nam,Sports
nắm giữ sinh mệnh,C Drama
rxby,Animation
casper,Animation
overlord iii,Animation
drear m,Drama
mở mẹ ơi,Animation
cưỡng đoạt 2,Action
sinbad huyền thoại 7 đại dương,Animation
noi ngon gio dung chan phim viet nam,Drama
damcuoiquangvinhbichthuy,News
kẻ hủy diệt,Action
những phim tình cảm hay,Romance
về chuyện tôi chuyển sinh thành slime,Animation
fullmetal,Animation
1234231nhac,Music
yêu nhầm bạn thân,Romance
phi nhung con cò trắng,Music
người nhện,Action
thương ngày nắng về,Drama
đôi dép xinh,Animation
2012 năm đại họa,Action
sword art,Animation
hoa thiên cốt,C Drama
người vô danh tính,Drama
van tích truyện tập 50,C Drama
trò chơi con mực,K Drama
mối tình đầu,Romance
khu vuon ngo,Drama
hoàng anh gia lai sy,Sports
tinh hà sán,C Drama
mặt nạ thủy tinh,Drama
bí mật không thể nói,Romance
phù thủy tinh nghịch sabrina,Comedy
cinderella,Animation
phim hometown cha cha,K Drama
trở lại tuổi 18,K Drama
cả thế giới đều không bằng em,C Drama
thiên nga bóng đem,Drama
hương mật tựa khói sương,C Drama
thước vải ma mị,Horror
beyblade burst,Animation
petit dragon sing along  korean,Other
iron man,Action
miss supernational,Reality Show
my ise,Drama
sweet home,Horror
phim lẻ,Drama
shoo,Comedy
lưỡi gươm diệt quỷ,Animation
phim tryowng quỳnh anh đóng,Drama
moi truong xac s,Horror
runni,Reality Show
chúa tể godzilla đế vương bất tử,Action
minion,Animation
dr stone,Animation
luat su,Drama
lai la oh hae young,K Drama
quan goi ga doo ri,K Drama
yeu tr,Romance
cao lương đỏ,C Drama
xem phim tân mãnh long quá giang,Action
giọng hát việt 2018 tập 4,Reality Show
bi mat n,Drama
đêm tối tokyo phần 2,Horror
rambo 1,Action
wolp,Drama
mot con vit,Music
karaoke để trả lời một câu hỏi,Music
cô nàng xinh đẹp,K Drama
hôn nhân không hẹn hò,K Drama
ckkkkk,Other
obito,Animation
chien co tich,Animation
nữ luật sư kì lạ,K Drama
attack on titan part 1,Animation
cuoi cung den luot toi yeu,Romance
kiki,Animation
twenty,Drama
tiểu nương tử nhà tướng quân,C Drama
thiên quang và quỳnh trang,Music
6 tối mở thật gửi liền,Reality Show
vua bếp soma phần 3,Animation
phim thai tieu thu chan heo,Drama
classroom of the elite,Animation
hoc vien sieu anh hung,Animation
goblin,K Drama
bác sĩ ma,K Drama
trường học hiệ sĩ hoàng gia,Animation
boku no hero academia season 3,Animation
thâm kế độc tình,Drama
masam,Animation
tom  jerry quậy tung new york,Other
motherl,K Drama
thủy thủ mặt trăng,Animation
su kienu19 viet namthai lan,Sports
bạn bin,Drama
miền trung nhớ bác,News
duyên phận,Drama
aikatsu  nhiệt huyết thần tượng phần 1,Other
xà nữ,Drama
bong chuyen,Sports
thủa xue,Drama
children,Animation
viet thang hat treo,Music
hoàng tử ếch,Animation
mở htv7,TV Channel
sex movies,Romance
phía sau khung cửa sổ,Drama
moon,Drama
nghe thuat san quy va nau mi,K Drama
siêu nhân người nhện cầm súng,Action
happi,Drama
coi x,Romance
ca nhac,Music
thách thức danh hài,Reality Show
nữ nhi nhà họ kiều,C Drama
lang y lừng danh,K Drama
liên khúc bolero,Music
kênh truyền hình vĩnh long 1,TV Channel
hiệp thám giản bất tri,C Drama
vương giả thiên hạ,Animation
kim boo,K Drama
escape from hell,Action
yêu nhầm chị dâu,Romance
fairy,Animation
ngô thiến,C Drama
mẹ ma,Horror
tuyển tập phim ngắn việt nam,Drama
penthouse special episodes,K Drama
inglourious basterds,Action
sakura  thủ lĩnh thẻ bài,Other
karaoke giọt sầu trong em tân cổ,Music
cô và mẹ,Drama
hoa no,Drama
phim phụ nữ nhỏ,K Drama
pokémon,Animation
đội tuyển nữ việt nam,Sports
tiểu sử chàng n,Drama
co nang,K Drama
bleach,Animation
ha c,Comedy
cá mực hầm mật,C Drama
nhat,Animation
mặt nạ quân vương,K Drama
tinh ha xan lan,C Drama
hoa của quỷ,K Drama
tổng tài si tình,C Drama
orient phần 2,Animation
cuộc chiến thượng lưu 3,K Drama
the bat guy,Action
yêu thầm anh xã,Romance
overlord ii,Animation
yêu,Romance
hàng xóm của tôi không chịu lớn,C Drama
cuoc chen thanh,Action
eve,K Drama
mua vợ,Drama
bảy viên ngọc rồng z,Animation
trò chơi vương quyền s1,Drama
xem phim massage gần nhất,Romance
amc,TV Channel
luoi guom diet quy,Animation
minh lan truyện,C Drama
chú ếch con,Animation
hai anh em,Drama
karaoke bạc màu áo trận,Music
ham ca,Action
mua he cua t,Drama
snow white and the huntsman,Drama
băng,Drama
doremon,Animation
thư ký kim sao thế,K Drama
sơn trại tiểu manh chủ,C Drama
chiến tranh các vì sao 5 đế chế phản công,Action
nam thần,Drama
thieu,Other
true beauty,K Drama
snake eyes gi joe origins,Action
mối tình đầu của tôi,Romance
hai thế giới,K Drama
tomadachi,Animation
boku no hero academia season 2,Animation
đứng lại hoa tiểu thư,C Drama
tìm em qua câu dân ca,Drama
boku,Animation
nhật ký thường ngày của tiên vương,Animation
đại chiến titan,Animation
mật mã phù thủy  phần 1,Other
mở máy bay,Other
lối rẻ con tim,Romance
thế giới các loài vật,Other
huyết giới chiến tuyến,Animation
mixh,Other
thật tuyệt vời khi ở bên em,Romance
youth of may,K Drama
bluey,Animation
gundam,Animation
nhat da tan nuong,C Drama
hoi ki,Other
cuộc sống gặp gỡ định mệnh,Romance
học viện anh hùng phần 1,Animation
như châu như ngọc,C Drama
the second ana,Drama
phim người hùng của em,Drama
như ý,C Drama
nua la duong mat nua la dau thuong,C Drama
nhật bản vs việt nam,Sports
ngoại hạng anh mu ngày 12 tháng 7,Sports
date,Reality Show
nữ thanh tra tài ba,Drama
ve d,Other
hlv uae thắng việt nam là trận đấu hay nhất của chúng tôi,News
akame ga kill,Animation
street woman fi,Reality Show
sửu phi giá đáo,C Drama
buồn,Other
twil,Romance
toi di tim toi,Drama
cá sấu ăn thịt người,Horror
xvreos,Other
ngôi sao khoai tây,K Drama
bà mẹ không chồng,Drama
the world of the married,K Drama
nguoi yeu,Romance
hospital playlist,K Drama
co vo moi cua sieu sao,Romance
nasdaily,News
nabi tôi sẽ không yêu em,Romance
hoang hau,C Drama
khuôn mặt vui nhộn,Comedy
hataraku m,Animation
the second anna,Drama
ferocious dog,Other
the avengers,Action
robot máy,Other
jurassic world,Action
phim nguoi lon,Other
diabolik lovers,Animation
quốc tử giám có một đệ tử,C Drama
thiên tài lang băm,K Drama
nu luan su ki la woo young woo,K Drama
hậu cung thế giới ảo,Drama
nhạc không lời,Music
búp bê bằng bông,Other
pháp y tần minh người đọc tâm,C Drama
cùng em đi đến tận cùng thế giới,Romance
rung động đầu đời,Romance
than chet t,Drama
cuộc đua cuối cùng,Sports
youtube,Other
chào mừng tới wayne,Animation
bok,Other
nàng dâu trưởng,Drama
gia tài của mẹ,Drama
haikyuu,Animation
khun pan  phần 2,Other
shooting stars,K Drama
yeu n,Romance
cảnh đẹp ngày vui biết bao giờ,Drama
trường an nặc,C Drama
học viện anh hùng phần 4,Animation
pucc,Other
đẳng cấp ông trùm,Action
yeu nh,Romance
khuemoclan,C Drama
cậu bé mất tích,Drama
khach,Other
đua voi lửa,Action
truyện cổ tích việt nam phần 1,Animation
kakegurui,Animation
tinh hàn xán lạn,C Drama
vua bếp soma phần 2,Animation
co dau thuy than,K Drama
vo my,C Drama
home,Animation
chú hề ma quái,Horror
hlv nam định chỉ trích hành động đốt pháo sáng,News
như lai thần chưởng,Action
con heo đất,Animation
người dơi bắt đầu,Action
sát thủ nhân tạo,Action
diên hy công lược,C Drama
pent,K Drama
thanh lạc,C Drama
sat thu nhan tao,Action
nhị thập tứ vị noãn phù sinh,C Drama
quà tặng tình yêu,Romance
u19 vn vs mala,Sports
nguyen l,Other
nhan hoa,C Drama
doi  cho cuu ho,Other
phượng hoàng truyền kiếp,C Drama
con gà gáy le te,Animation
tư đằng,C Drama
be the swf,Reality Show
khánh dư niên,C Drama
gửi thời thanh xuân ngây thơ tươi đẹp,C Drama
trong trang tv,TV Channel
chuyển sinh thành nhện,Animation
bóng đá u19 thái lan loa,Sports
những điều kỳ thú,News
firecrackers,Action
bằng chứng thép 3,C Drama
tái sinh báo thù,K Drama
giong hat viet 2019,Reality Show
kim  cương huyền bí,Other
cô giúp việc,Drama
shining star học viện idol,Animation
biệt đội siêu anh hùng,Action
trời sinh một cặp,Romance
hương vị trái cấm,Romance
gui,Other
nuôi con bọ ngựa,News
till death,Horror
thế giới hoạt hình,Animation
bao thanh thiên,C Drama
bạch ngọc nhớ vô hà,C Drama
chieu,Other
anime,Animation
taxi driver,Drama
ca cổ,Music
bên house,K Drama
lại làm sao nữa,Drama
đội cảnh sát tài ba,Action
saimd,K Drama
hậu cung như ý truyện,C Drama
con ruột con riêng viétub,Drama
trực tiếp bóng đá,Sports
không gia đình,Drama
lucy,Action
baby shark doo doo,Animation
the king of pig,Animation
truy tìm kẻ sát nhân,Action
jinx,K Drama
star wo,Action
lạp tội đồ giám,C Drama
utano princen,Animation
nhu y vuong phi,C Drama
đại tống thiếu niên chí,C Drama
con trâu kéo cày đồng xa,Animation
hay la ba,Drama
mimion,Animation
mac xich han thu,Drama
luật sư,Drama
pacific rim,Action
tiền bối,Romance
atta,Drama
theo đuổi ánh sáng đi anh trai 2,Reality Show
tribes,Drama
chú bé rồng,Animation
hoc vien do,Drama
mở công chúa và hạt điều,Animation
american wrestler the wizard,Sports
một ngày làm thượng đế,Drama
may,Horror
linh mục nhiet huyet thuyet minh,K Drama
mùa hè yêu dấu của chúng ta,K Drama
sinh ra để yêu s1,Romance
kênh vtv3,TV Channel
giờ này anh ở đâu,Drama
vu dong can kh,C Drama
mátxcơva  mùa thay lá,Other
quyền lực thứ 5,Drama
bạn gái dưới lầu xin,C Drama
phim van phụng chi vương,C Drama
minio,Animation
phom vẻ đẹp đích thực  thuyết minh,Other
ban dao,Action
cuộc chiến chiến thắng,Action
bạn trai vi diệu của tôi 2,C Drama
nửa hiệp cơ trí,C Drama
be ambitous,Reality Show
hồi chiến,Drama
cô nàng cử tạ,K Drama
record of youth,K Drama
vincenzo,K Drama
dinh luat tinh yeu,C Drama
nhu y truyen,C Drama
yêu em từ cái nhìn đầu tiên,C Drama
ben 10,Animation
business,K Drama
thực thần 3,K Drama
truyền hình fpt,TV Channel
tiếng hát để đời,Music
u19 việt nam  u19 indonesia  xem lại trận đấu  u19 đông nam á,Sports
the pink panther show,Animation
phim brazil,Drama
rạp xiếc,Drama
fall,Action
anh em theu,Drama
running,Reality Show
thiên biến vạn hóa,Drama
lọ lem thời đại,Drama
đẳng cấp thú cưng 2,Animation
my hero âcd,Animation
quốc tự giám có một nữ đệ tử,C Drama
loi ra,Drama
new game season 2,Animation
one piece phim,Animation
phap su mu,Horror
mở khủng long,Drama
su tr,Drama
lycoris recoil quán cà phê bất ổn  lycoris recoil,Other
totoro,Animation
chi da,Action
chương trình tom và jerry s2,Animation
vụ bắt cóc triệu đô,Action
sắc giới,Drama
vụ án mối tình nghiệt ngã khiến công an hình sự căng não truy vết  phim hình sự phá án việt nam,Action
jtee,Music
tokyo ghoulre ss1,Animation
đêm gành hào nhớ điệu hoài lang,Music
tinh ha,C Drama
thế giới khủng long,Action
twentyfive,K Drama
khie,Drama
super,Action
ẩn danh,Drama
liên khúc nữ hoàng,Music
bo gia,Drama
film,Drama
midnight,Drama
john wick,Action
cuoc song,Drama
mong hoa luc,C Drama
phim tội phạm,Action
người tình của,Romance
hậu tận thế,Action
bi kiep luyen,Animation
điệp vấn,Action
về nhà đi con,Drama
phap y tan minh,C Drama
hùng khí dao tập,C Drama
hoa khai bán hạ,C Drama
hoán hồn,K Drama
kim s,K Drama
cuoc chien giay got nhon,Drama
put your head on my shoulder,C Drama
cuối cùng cũng đến lượt tôi yêu,C Drama
bác sĩ yo han,K Drama
yeu tun,Romance
nhacchu tinh,Music
oán hận phải trả,Drama
trợ lý thiên vương,Drama
học viện cảnh sát,Action
gieo quẻ hoàng thùy linh,Music
superman red son,Animation
the moo,Drama
song hoa điểm,C Drama
da sac khuynh tam,C Drama
shangchi,Action
định luật 8020,C Drama
jumanji,Action
phàm nhân tu tiên phần 2,Animation
đẳng cấp thú cưng,Animation
terra formars 2016,Animation
bi mat noi goc,Drama
mien,Drama
công tố viên quân sự do bae man,K Drama
dien hy cong luoc,C Drama
tại sao mở không được,News
hoang de porus,Drama
nhac rimxet,Music
chi em,Drama
re zero,Animation
19 tuần,Drama
7 nụ cười xuân,Comedy
kim bok joo,K Drama
phi vụ thế,Action
noi ngon gio dung chan,Drama
hoàn hồn,K Drama
tấm cám chuyện chưa kể,Drama
thaichuoitv,TV Channel
làm sao boss lại làm sao nữa,Drama
noi luu l,Drama
shameless,Drama
all on one,Reality Show
biet tai ti hon,Reality Show
thu thac,Reality Show
nàng thư ký của tôi,Romance
tại sao lại là oh soo jae  why her,Other
tình định tam sinh,C Drama
kí sinh,Drama
peppa pig toys,Animation
hen ho chon so,K Drama
chinh phục sếp ác ma,Romance
pho f,Comedy
vua bếp soma phần 4,Animation
titanic,Romance
phép màu kì diệu,Drama
impractical jokers s1,Reality Show
sword art online alicization  war of underworld part 2,Other
tim me,Drama
trường an như cố,C Drama
kẻ quyến rũ đại,K Drama
peac,Drama
chang trai hu hong,Romance
thám t,Drama
liên khúc,Music
u19 singa,Sports
u19 lào,Sports
maycat,Drama
ai cũng có thể nhảy,Reality Show
đấu la đại lục,Animation
nấc thang lên thiên đường,K Drama
nhất dạ tân nương,C Drama
kẻ tống tình,Drama
borut,Animation
dạ sắc khuynh tâm,C Drama
mèo oggy và những chú gián tinh nghịch,Animation
vô tình tìm thấy,Drama
ha canh noi a,K Drama
miễn bầu trời còn có mặt trời,Drama
tom and jerry tales,Animation
18 again,K Drama
chiến đội siêu nhân nhẫn giả,Action
thiên kê chi bạch xà truyền thuyết,C Drama
pucca,Animation
đài truyền hình sơn la,TV Channel
chạm vào tim em,K Drama
halloween hài,Comedy
bi  mat noi goc toi,Other
xác ướp ai cập,Action
thủ lĩnh thẻ bài,Animation
vua bếp soma phần 1,Animation
mục tiêu khó diệt,Action
thien than diet the,Action
attack on titan  shingeki no kyojin,Other
nhong nhong nhong  bé bào ngư  remix dance 2019,Other
mật danh k2,K Drama
đệ nhất nữ quan,C Drama
kuroko,Animation
one piece,Animation
dunkirk,Action
tai sinh,Drama
nhớ nhau hoài,Romance
boss oi anh lai lam sao nua,Drama
fast  furious,Other
crazy rich asian,Romance
phim mẹ chồng nàng dâu,Drama
chờ gumball s1,Animation
yuri,Romance
junji,Horror
overlord iv,Animation
penthouse 4,K Drama
tôi yêu việt nam,Reality Show
nabi my stepdarling,Romance
quốc khanh hảo,C Drama
ao ashi,Sports
cô nàng đẹp trai,K Drama
chie,Animation
cam tam tua ngoc,C Drama
em chỉ yêu tổng tài,Romance
đừng ví em là biển,Drama
ho ly,C Drama
quý ông góc bếp,Reality Show
thuong ngày nắng về,Drama
full metal,Animation
plunderer,Animation
hoa du ký,K Drama
cơ trưởng sully,Drama
the bad guys reign of chaos,Action
thuc th,Drama
em là thành tri doanh luy của anh,C Drama
toan chuc cao thu,Animation
sự trở về của bok dan ji,K Drama
truong du hi,Drama
hentai,Animation
street man fighter,Reality Show
vợ chồng son,Reality Show
phim đỏ,Romance
định mệnh anh yêu em,Romance
bảy viên ngọc rồng siêu cấp broly,Animation
blacl ciover,Animation
nastya,Reality Show
tham tu da chet,Animation
mong hoi,C Drama
có mỗi cái kia được,Other
con cò,Music
tình yêu từ 0 đến 1,C Drama
trùm cớm và ác quỷ,K Drama
phép màu,Drama
hac dieu,Drama
ranh giới quỷ,Horror
karoke,Music
vo cua t,Other
im happy to be with you,Other
hiha sở hữu thẻ bài huggy wuggy quyền năng trong minecrafthiha thẻ bài,Reality Show
giot mau vo hinh,Drama
bệnh viện nhân ái,Drama
juju,Animation
kaito,Animation
harry potter,Drama
ha canh,Other
luu,Other
loi cau cuu,Drama
xã hội đen kiểu cũ cuối cùng phần 2,Action
ca mu,Other
chú bộ đội,Music
ông thầy vi diệu,Comedy
boku no hero academia ova,Animation
mở đua,Sports
street w,Reality Show
hau cung nhu y truỵen,C Drama
nguoi tinh cua jin,Other
yeu toi dung nghi,Romance
bling empire,Reality Show
ngũ kiếm xinh đẹp,Action
lý ngựa ô,Music
linh hồn thuật giả kim,Action
ngôi trường xác sống,Horror
exo nhà bên,K Drama
phàm nhân tu tiên phần 3,Animation
spy x famly,Animation
liên khúc ba miền,Music
hello kitty,Animation
bạch phát vương phi,C Drama
kí ức tuổi 18,K Drama
men,Horror
ca m,Other
lại là on hea young,K Drama
nobody knows,Drama
tôn ngộ không đại náo new york,Animation
chuột đầu bếp,Animation
tokyo ghoul,Animation
engage kiss,Animation
produc,Reality Show
tottoro,Animation
cải lương hồ quảng,Music
bi mat noi goc toi,C Drama
bao cong,C Drama
lop hoc biet,Drama
sao thế,Other
hoa tan tinh,Romance
đông công,C Drama
annabelle creation,Horror
vật,Horror
tang duy tan,Music
be the smf,Reality Show
story of yanxi palace,C Drama
tam c,Other
thiên nga bóng đêm  eve,Other
u23 việt nam u23 thái lan,Sports
vtv 360,TV Channel
bi mat nan,Other
piranha 3d,Horror
100 người thử nghiệm phần 5,Reality Show
vo mi nuong truyen k,C Drama
ma ca rong song,Horror
kagu,Animation
attack on titan season 3  shingeki no kyojin,Other
thiên thần bóng đêm,Drama
bahubali,Action
dmss,Other
co tay,Other
demon slayer,Animation
harry,Drama
bác sĩ ma cà rồng,K Drama
thiên nga bóng đêm eve,K Drama
thế giới hôn nhân,K Drama
nhím sonic 2,Animation
indiana,Action
hồn ma trở lại,Horror
quá nhanh quá nguy hiểm 5,Action
the ưi,Other
nhà c,Other
reply 1988,K Drama
tam quốc,C Drama
ánh sáng tăm tối,Drama
tần thủy hoàng,C Drama
mộng hoa lục,C Drama
khúc tuấn khương,Music
giờ phiêu lưu 1,Animation
sword art online,Animation
u19 thai lan vs u19 lao,Sports
đao kiếm thần vực phần 4,Animation
máy bay,Animation
ky nu,Drama
voice 2,K Drama
attack on titan,Animation
produce,Reality Show
chucky chuckychuckychuckchuckchuck,Horror
vũ trụ trong anh,Romance
purge,Horror
bộ phim về hiphop,Music
vampariah,Horror
sword art online alicization,Animation
faptv,Comedy
cô dâu của pháp sư,Animation
halloween trẻ em,Animation
s9 doraemon  tập 431  nón tạo cơ hội  con đường hạnh phúc lồng tiếng việt,Animation
gái ngành thông thái phần 1,Drama
cảnh sát hình sự,Drama
cuộc chiến thượng lưu 2,K Drama
